date;saint;journee_mondiale
2026-01-31;Saint Jean Bosco;Test
2026-02-01;Sainte Ella;
2026-02-02;Présentation du Seigneur;Journée mondiale des zones humides
2026-02-03;Saint Blaise;
2026-02-04;Sainte Véronique;Journée internationale de la fraternité humaine
2026-02-05;Sainte Agathe;
2026-02-06;Saint Gaston;Journée internationale de tolérance zéro à l'égard des mutilations génitales féminines
2026-02-07;Saint Eugène;
2026-02-08;Sainte Jacqueline;
2026-02-09;Sainte Apolline;
2026-02-10;Saint Arnaud;Journée internationale du léopard d'Arabie | Journée internationale des légumineuses
2026-02-11;Notre-Dame de Lourdes;Journée internationale des femmes et des filles de science
2026-02-12;Sainte Félice;Journée internationale pour la prévention de l'extrémisme violent
2026-02-13;Sainte Béatrice;Journée mondiale de la radio
2026-02-14;Saint Valentin;
2026-02-15;Saint Claude;
2026-02-16;Sainte Julienne;
2026-02-17;Saint Alexis;
2026-02-18;Sainte Bernadette;
2026-02-19;Saint Gabin;
2026-02-20;Sainte Aimée;Journée mondiale de la justice sociale
2026-02-21;Saint Pierre Damien;Journée internationale de la langue maternelle
2026-02-22;Saint Pierre Damien;
2026-02-23;Saint Lazare;
2026-02-24;Saint Modeste;
2026-02-25;Saint Roméo;
2026-02-26;Saint Nestor;
2026-02-27;Sainte Honorine;
2026-02-28;Saint Romain;
2026-03-01;Saint Aubin;Journée mondiale des herbiers marins | Journée Zéro discrimination
2026-03-02;Sainte Charles;
2026-03-03;Saint Guénolé;Journée mondiale de la vie sauvage
2026-03-04;Saint Casimir;
2026-03-05;Saint Olive;Journée internationale de sensibilisation au désarmement et à la non-prolifération
2026-03-06;Sainte Colette;
2026-03-07;Saints Perpétue et Félicité;
2026-03-08;Saint Jean de Dieu;Journée internationale des femmes
2026-03-09;Sainte Françoise;
2026-03-10;Saint Vivien;Journée internationale des femmes juges
2026-03-11;Saint Constantin;
2026-03-12;Saint Grégoire le Grand;
2026-03-13;Sainte Rodrigue;
2026-03-14;Sainte Mathilde;
2026-03-15;Sainte Louise;Journée internationale de lutte contre l'islamophobie
2026-03-16;Sainte Bénédicte;
2026-03-17;Saint Patrick;
2026-03-18;Saint Cyrille de Jérusalem;
2026-03-19;Saint Joseph;
2026-03-20;Saint Herbert;Journée internationale du bonheur | Journée de la langue française | Journée internationale de la Francophonie
2026-03-21;Saint Clément;Journée internationale des forêts | Journée mondiale des glaciers | Journée internationale du Novruz | Journée pour l'élimination de la discrimination raciale | Journée mondiale de la poésie | Journée mondiale de la trisomie 21
2026-03-22;Sainte Léa;Journée mondiale de l'eau
2026-03-23;Saint Victorien;Journée météorologique mondiale
2026-03-24;Sainte Catherine de Suède;Journée pour le droit à la vérité | Journée mondiale de la lutte contre la tuberculose
2026-03-25;Annonciation;Journée de solidarité avec les fonctionnaires détenus ou disparus | Journée en mémoire des victimes de l'esclavage | Journée internationale du zéro déchet
2026-03-26;Sainte Larissa;
2026-03-27;Saint Rupert;
2026-03-28;Saint Gontran;
2026-03-29;Saint Gwenaël;
2026-03-30;Saint Amédée;Journée internationale du zéro déchet
2026-03-31;Saint Benjamin;
2026-04-01;Saint Hugues;
2026-04-02;Saint François de Paule;Journée mondiale de sensibilisation à l'autisme
2026-04-03;Saint Richard;
2026-04-04;Saint Isidore;Journée internationale pour la sensibilisation aux mines
2026-04-05;Saint Vincent Ferrier;Journée internationale de la conscience
2026-04-06;Saint Marcellin;Journée internationale du sport au service du développement et de la paix
2026-04-07;Saint Jean-Baptiste de La Salle;Journée internationale de réflexion sur le génocide au Rwanda | Journée mondiale de la santé
2026-04-08;Saint Gautier;
2026-04-09;Sainte Waudru;
2026-04-10;Saint Fulbert;
2026-04-11;Saint Stanislas;
2026-04-12;Saint Jules;Journée internationale du vol spatial habité
2026-04-13;Saint Martin Ier;
2026-04-14;Saint Maxime;Journée mondiale de la maladie de Chagas
2026-04-15;Saint Paterne;
2026-04-16;Saint Benoît-Joseph Labre;
2026-04-17;Saint Anicet;
2026-04-18;Saint Parfait;
2026-04-19;Saint Léon IX;
2026-04-20;Sainte Odette;Journée de la langue chinoise
2026-04-21;Saint Anselme;Journée mondiale de la créativité et de l'innovation
2026-04-22;Saint Alexandre;Journée internationale de la Terre nourricière
2026-04-23;Saint Georges;Journée mondiale du livre et du droit d'auteur | Journée de la langue anglaise | Journée de la langue espagnole
2026-04-24;Saint Fidèle;Journée des jeunes filles dans les TIC | Journée internationale du multilatéralisme
2026-04-25;Saint Marc;Journée mondiale du paludisme | Journée internationale des délégués
2026-04-26;Sainte Alida;Journée internationale du souvenir de la catastrophe de Tchernobyl | Journée mondiale de la propriété intellectuelle
2026-04-27;Sainte Zita;
2026-04-28;Saint Louis-Marie Grignion de Montfort;Journée mondiale pour la sécurité et la santé au travail
2026-04-29;Sainte Catherine de Sienne;Journée en mémoire des victimes des tremblements de terre
2026-04-30;Saint Robert;Journée internationale du jazz
2026-05-01;Saint Joseph travailleur;Journée du Vesak (Bouddha)
2026-05-02;Saint Boris;Journée mondiale du thon
2026-05-03;Saints Philippe et Jacques;Journée mondiale de la liberté de la presse
2026-05-04;Sainte Sylvie;
2026-05-05;Saint Irénée;Journée mondiale de la langue portugaise
2026-05-06;Saint Jean;
2026-05-07;Sainte Gisèle;
2026-05-08;Saint Désiré;Journées du souvenir et de la réconciliation (Seconde Guerre mondiale)
2026-05-09;Sainte Pacôme;
2026-05-10;Saint Antonin;
2026-05-11;Sainte Estelle;Journée mondiale des oiseaux migrateurs
2026-05-12;Saint Achille;Journée internationale de la santé des végétaux
2026-05-13;Notre-Dame de Fatima;
2026-05-14;Saint Matthias;
2026-05-15;Sainte Denise;Journée internationale des familles
2026-05-16;Saint Honoré;Journée internationale de la lumière | Journée internationale du vivre-ensemble en paix
2026-05-17;Saint Pascal Baylon;Journée mondiale des télécommunications et de la société de l'information
2026-05-18;Saint Eric;
2026-05-19;Saint Yves;Journée mondiale du fair-play
2026-05-20;Saint Bernardin de Sienne;Journée mondiale des abeilles
2026-05-21;Saint Constantin;Journée mondiale du thé | Journée mondiale de la diversité culturelle
2026-05-22;Sainte Julie;Journée internationale de la diversité biologique
2026-05-23;Saint Didier;Journée pour l'élimination de la fistule obstétricale
2026-05-24;Saint Donatien;Journée internationale du markhor
2026-05-25;Saint Bède;Journée mondiale du football
2026-05-26;Saint Philippe Néri;
2026-05-27;Saint Augustin de Cantorbéry;
2026-05-28;Saint Germain;
2026-05-29;Saint Gérald;Journée internationale des Casques bleus
2026-05-30;Sainte Jeanne d'Arc;
2026-05-31;Visitation de la Vierge Marie;Journée mondiale sans tabac
2026-06-01;Saint Justin;Journée mondiale des parents
2026-06-02;Saints Marcellin et Pierre;
2026-06-03;Saint Kévin;Journée mondiale de la bicyclette
2026-06-04;Saint Clément;Journée internationale des enfants victimes innocentes de l'agression
2026-06-05;Saint Boniface;Journée mondiale de l'environnement | Journée internationale de la lutte contre la pêche illicite
2026-06-06;Saint Norbert;Journée de la langue russe
2026-06-07;Saint Gilbert;Journée internationale de la sécurité sanitaire des aliments
2026-06-08;Saint Médard;Journée mondiale de l'océan
2026-06-09;Saint Ephrem;
2026-06-10;Saint Landry;Journée internationale du dialogue entre les civilisations
2026-06-11;Saint Barnabé;Journée internationale du jeu
2026-06-12;Saint Guy;Journée mondiale contre le travail des enfants
2026-06-13;Saint Antoine de Padoue;Journée internationale de sensibilisation à l'albinisme
2026-06-14;Saint Élisée;Journée mondiale du donneur de sang
2026-06-15;Sainte Germaine;Journée mondiale de sensibilisation à la maltraitance des personnes âgées
2026-06-16;Saint Jean-François Régis;Journée internationale des envois de fonds familiaux
2026-06-17;Saint Hervé;Journée mondiale de la lutte contre la désertification et la sécheresse
2026-06-18;Saint Léonce;Journée internationale de la lutte contre les discours de haine | Journée de la gastronomie durable
2026-06-19;Saint Romuald;Journée pour l'élimination de la violence sexuelle en temps de conflit
2026-06-20;Saint Silvère;Journée mondiale des réfugiés
2026-06-21;Saint Louis de Gonzague;Journée internationale du Yoga | Journée internationale de la célébration du solstice
2026-06-22;Saint Alban;
2026-06-23;Sainte Audrey;Journée internationale des veuves | Journée des Nations Unies pour la fonction publique
2026-06-24;Saint Jean-Baptiste;Journée internationale des femmes dans la diplomatie
2026-06-25;Saint Prosper;Journée des gens de mer
2026-06-26;Saint Anthelme;Journée internationale contre l'abus et le trafic de drogues | Journée pour le soutien aux victimes de la torture
2026-06-27;Saint Cyrille d'Alexandrie;Journée internationale des personnes sourdaveugles | Journée des micro-, petites et moyennes entreprises
2026-06-28;Saint Irénée;
2026-06-29;Saints Pierre et Paul;Journée internationale des tropiques
2026-06-30;Premiers martyrs de Rome;Journée internationale des astéroïdes | Journée internationale du parlementarisme
2026-07-01;Saint Thierry;
2026-07-02;Saint Martinien;
2026-07-03;Saint Thomas;
2026-07-04;Sainte Flore;
2026-07-05;Saint Antoine-Marie Zaccaria;
2026-07-06;Sainte Maria Goretti;Journée mondiale du développement rural | Journée mondiale de la langue kiswahili
2026-07-07;Saint Raoul;
2026-07-08;Saint Thibault;
2026-07-09;Sainte Amandine;
2026-07-10;Saint Ulric;
2026-07-11;Saint Benoît;Journée mondiale du cheval | Journée mondiale de la population | Journée de réflexion sur le génocide de Srebrenica
2026-07-12;Saint Olivier;Journée internationale de l'espoir | Journée internationale de lutte contre les tempêtes de sable
2026-07-13;Saint Henri;
2026-07-14;Saint Camille;
2026-07-15;Saint Vladimir;Journée mondiale des compétences des jeunes
2026-07-16;Notre-Dame du Mont-Carmel;
2026-07-17;Sainte Charlotte;
2026-07-18;Saint Frédéric;Journée internationale Nelson Mandela
2026-07-19;Saint Arsène;
2026-07-20;Sainte Marina;Journée internationale de la Lune | Journée mondiale du jeu d'échecs
2026-07-21;Saint Victor;
2026-07-22;Sainte Marie-Madeleine;
2026-07-23;Sainte Brigitte;
2026-07-24;Sainte Christine;
2026-07-25;Saint Jacques le Majeur;Journée internationale des femmes et filles d'ascendance africaine | Journée mondiale de prévention de la noyade
2026-07-26;Saints Anne et Joachim;
2026-07-27;Saint Pantaléon;
2026-07-28;Saint Samson;Journée mondiale contre l'hépatite
2026-07-29;Sainte Marthe;
2026-07-30;Saint Pierre Chrysologue;Journée internationale de l'amitié | Journée mondiale contre la traite d'êtres humains
2026-07-31;Saint Ignace de Loyola;
2026-08-01;Saint Alphonse;
2026-08-02;Saint Étienne Ier;
2026-08-03;Sainte Lydie;
2026-08-04;Saint Jean-Marie Vianney;
2026-08-05;Notre-Dame des Neiges;
2026-08-06;Transfiguration;Journée internationale des pays en développement sans littoral
2026-08-07;Saint Gaétan;
2026-08-08;Saint Dominique;
2026-08-09;Sainte Amour;Journée internationale des peuples autochtones
2026-08-10;Saint Laurent;
2026-08-11;Sainte Claire;Journée mondiale du steel pan
2026-08-12;Sainte Clarisse;Journée internationale de la jeunesse
2026-08-13;Saint Hippolyte;
2026-08-14;Saint Maximilien Kolbe;
2026-08-15;Assomption;
2026-08-16;Saint Roch;
2026-08-17;Saint Hyacinthe;
2026-08-18;Sainte Hélène;
2026-08-19;Saint Jean Eudes;Journée mondiale de l'aide humanitaire
2026-08-20;Saint Bernard;
2026-08-21;Saint Christophe;Journée internationale du souvenir des victimes du terrorisme
2026-08-22;Reine du Ciel;Journée en mémoire des victimes de violences en raison de leur religion
2026-08-23;Sainte Rose de Lima;Journée internationale du souvenir de la traite négrière et de son abolition
2026-08-24;Saint Barthélemy;
2026-08-25;Saint Louis;
2026-08-26;Sainte Natacha;
2026-08-27;Sainte Monique;Journée mondiale des lacs
2026-08-28;Saint Augustin;
2026-08-29;Martyre de saint Jean-Baptiste;Journée internationale contre les essais nucléaires
2026-08-30;Sainte Fiacre;Journée internationale des victimes de disparition forcée
2026-08-31;Saint Aristide;Journée internationale des personnes d'ascendance africaine
2026-09-01;Saint Gilles;
2026-09-02;Sainte Ingrid;
2026-09-03;Saint Grégoire le Grand;
2026-09-04;Sainte Rosalie;
2026-09-05;Sainte Raissa;Journée internationale de la charité | Journée internationale des femmes et filles autochtones
2026-09-06;Saint Bertrand;
2026-09-07;Sainte Reine;Journée internationale de la coopération policière | Journée internationale de l'air pur
2026-09-08;Nativité de la Vierge Marie;Journée internationale de l'alphabétisation
2026-09-09;Saint Alain;Journée pour la protection de l'éducation contre les attaques
2026-09-10;Saint Aubert;
2026-09-11;Saint Adelphe;
2026-09-12;Saint Apollinaire;Journée des Nations Unies pour la coopération Sud-Sud
2026-09-13;Saint Aimé;
2026-09-14;Croix glorieuse;
2026-09-15;Notre-Dame des Douleurs;Journée internationale de la démocratie
2026-09-16;Saint Cyprien;Journée internationale de la protection de la couche d'ozone | Journée internationale de la cardiologie interventionnelle
2026-09-17;Saint Renaud;Journée mondiale de la sécurité des patients
2026-09-18;Sainte Nadège;Journée internationale de l'égalité de rémunération
2026-09-19;Saint Janvier;
2026-09-20;Saint Davy;
2026-09-21;Saint Matthieu;Journée internationale de la paix
2026-09-22;Saint Maurice;
2026-09-23;Saint Constant;Journée internationale des langues des signes
2026-09-24;Saint Silouane;
2026-09-25;Saint Hermann;
2026-09-26;Saints Côme et Damien;Journée mondiale de la mer | Journée internationale pour l'élimination totale des armes nucléaires
2026-09-27;Saint Vincent de Paul;Journée mondiale du tourisme
2026-09-28;Saint Venceslas;Journée internationale de l'accès universel à l'information
2026-09-29;Saint Michel, Saint Gabriel, Saint Raphaël;Journée internationale de sensibilisation aux pertes et gaspillages de nourriture
2026-09-30;Saint Jérôme;Journée internationale de la traduction
2026-10-01;Sainte Thérèse de l'Enfant-Jésus;Journée internationale des personnes âgées
2026-10-02;Saints Anges gardiens;Journée internationale de la non-violence
2026-10-03;Saint Gérard;
2026-10-04;Saint François d'Assise;
2026-10-05;Saint Fleur;Journée mondiale des enseignants | Journée mondiale du coton
2026-10-06;Saint Bruno;
2026-10-07;Sainte Serge;Journée mondiale de l'habitat
2026-10-08;Sainte Pélagie;
2026-10-09;Saint Denis;Journée mondiale de la poste
2026-10-10;Saint Ghislain;Journée mondiale de la santé mentale
2026-10-11;Saint Firmin;Journée internationale de la fille
2026-10-12;Saint Wilfried;Journée mondiale des oiseaux migrateurs
2026-10-13;Saint Géraud;Journée internationale pour la réduction des risques de catastrophes
2026-10-14;Saint Calliste Ier;
2026-10-15;Sainte Thérèse d'Avila;Journée internationale des femmes rurales
2026-10-16;Sainte Edwige;Journée mondiale de l'alimentation
2026-10-17;Saint Ignace d'Antioche;Journée internationale pour l'élimination de la pauvreté
2026-10-18;Saint Luc;
2026-10-19;Saints Jean de Brébeuf et compagnons;
2026-10-20;Sainte Adeline;Journée mondiale de la statistique
2026-10-21;Sainte Céline;
2026-10-22;Saint Jean-Paul II;
2026-10-23;Saint Jean de Capistran;
2026-10-24;Saint Florentin;Journée des Nations Unies | Journée mondiale d'information sur le développement
2026-10-25;Saint Crépin;
2026-10-26;Saint Dimitri;
2026-10-27;Saint Émilien;Journée mondiale du patrimoine audiovisuel
2026-10-28;Saint Simon, Saint Jude;
2026-10-29;Saint Narcisse;Journée internationale des soins et de l'assistance
2026-10-30;Sainte Bienvenue;
2026-10-31;Saint Quentin;Journée mondiale des villes
2026-11-01;Toussaint;
2026-11-02;Défunts;Journée internationale de la fin de l'impunité pour les crimes contre les journalistes
2026-11-03;Saint Hubert;
2026-11-04;Saint Charles Borromée;
2026-11-05;Sainte Sylvie;Journée mondiale de sensibilisation aux tsunamis
2026-11-06;Saint Léonard;Journée pour la prévention de l'exploitation de l'environnement en temps de guerre
2026-11-07;Saint Ernest;
2026-11-08;Saint Geoffroy;
2026-11-09;Dédicace de Saint-Jean-de-Latran;
2026-11-10;Saint Léon le Grand;Journée mondiale de la science au service de la paix et du développement
2026-11-11;Saint Martin;
2026-11-12;Saint Christian;
2026-11-13;Saint Brice;
2026-11-14;Saint Sidoine;Journée mondiale du diabète
2026-11-15;Saint Albert le Grand;Journée mondiale du souvenir des victimes de la circulation routière
2026-11-16;Sainte Marguerite d'Écosse;Journée mondiale de la tolérance
2026-11-17;Sainte Élisabeth de Hongrie;
2026-11-18;Dédicace des basiliques Saint-Pierre et Saint-Paul;Journée mondiale pour la prévention et la guérison des violences sexuelles visant les enfants
2026-11-19;Sainte Mathilde;Journée mondiale des toilettes
2026-11-20;Saint Edmond;Journée de l'industrialisation de l'Afrique | Journée mondiale de l'enfance
2026-11-21;Présentation de la Vierge Marie;Journée mondiale de la télévision | Journée mondiale de la philosophie
2026-11-22;Sainte Cécile;
2026-11-23;Saint Clément;
2026-11-24;Saint Florent;
2026-11-25;Sainte Catherine d'Alexandrie;Journée internationale pour l'élimination de la violence à l'égard des femmes
2026-11-26;Saint Conrad;Journée mondiale des transports durables
2026-11-27;Saint Séverin;
2026-11-28;Saint Jacques de la Marche;
2026-11-29;Saint Saturnin;Journée internationale de solidarité avec le peuple palestinien
2026-11-30;Saint André;Journée du souvenir des victimes de la guerre chimique
2026-12-01;Saint Florence;Journée mondiale de lutte contre le sida
2026-12-02;Sainte Viviane;Journée internationale pour l'abolition de l'esclavage
2026-12-03;Saint François Xavier;Journée internationale des personnes handicapées
2026-12-04;Sainte Barbara;Journée internationale des banques
2026-12-05;Saint Gérald;Journée internationale des volontaires | Journée mondiale des sols
2026-12-06;Saint Nicolas;
2026-12-07;Saint Ambroise;Journée de l'aviation civile internationale
2026-12-08;Immaculée Conception;
2026-12-09;Saint Pierre Fourier;Journée internationale contre la corruption | Journée de commémoration des victimes du génocide
2026-12-10;Sainte Eulalie;Journée des droits de l'homme
2026-12-11;Saint Daniel;Journée internationale de la montagne
2026-12-12;Sainte Jeanne-Françoise de Chantal;Journée internationale de la couverture sanitaire universelle
2026-12-13;Sainte Lucie;
2026-12-14;Saint Jean de la Croix;
2026-12-15;Sainte Ninon;
2026-12-16;Sainte Alice;
2026-12-17;Saint Gaël;
2026-12-18;Saint Gatien;Journée de la langue arabe | Journée internationale des migrants
2026-12-19;Saint Urbain V;
2026-12-20;Saint Théophile;Journée internationale de la solidarité humaine
2026-12-21;Saint Pierre Canisius;Journée mondiale du basket-ball
2026-12-22;Sainte Françoise-Xavière;
2026-12-23;Saint Armand;
2026-12-24;Veillée de Noël;
2026-12-25;Noël;
2026-12-26;Saint Étienne;
2026-12-27;Saint Jean l'Apôtre;Journée internationale de la préparation aux épidémies
2026-12-28;Saints Innocents;
2026-12-29;Saint David;
2026-12-30;Saint Roger;
2026-12-31;Saint Sylvestre;
2027-01-01;Sainte Marie Mère de Dieu;
2027-01-02;Saint Basile, Saint Grégoire de Nazianze;
2027-01-03;Sainte Geneviève;
2027-01-04;Sainte Odilon;Journée mondiale du braille
2027-01-05;Saint Édouard;
2027-01-06;Épiphanie;
2027-01-07;Saint Raymond;
2027-01-08;Saint Lucien;
2027-01-09;Sainte Alix;
2027-01-10;Saint Guillaume;
2027-01-11;Saint Paulin;
2027-01-12;Saint Tatien;
2027-01-13;Sainte Yvette;
2027-01-14;Saint Félix de Nole;
2027-01-15;Saint Rémi;
2027-01-16;Saint Marcel;
2027-01-17;Saint Antoine le Grand;
2027-01-18;Sainte Prisca;
2027-01-19;Saint Marius;
2027-01-20;Saint Sébastien;
2027-01-21;Sainte Agnès;
2027-01-22;Saint Vincent;
2027-01-23;Saint Barnard;
2027-01-24;Saint François de Sales;Journée internationale de l'éducation
2027-01-25;Conversion de saint Paul;
2027-01-26;Saint Timothée, Saint Titus;Journée internationale des énergies propres
2027-01-27;Sainte Angèle;Journée internationale dédiée à la mémoire des victimes de l'Holocauste
2027-01-28;Saint Thomas d'Aquin;Journée internationale de la coexistence pacifique
2027-01-29;Saint Gildas;
2027-01-30;Sainte Martine;
2027-01-31;Saint Jean Bosco;Journée mondiale des zones humides
2027-02-01;Sainte Ella;
2027-02-02;Présentation du Seigneur;Journée mondiale des zones humides
2027-02-03;Saint Blaise;
2027-02-04;Sainte Véronique;Journée internationale de la fraternité humaine
2027-02-05;Sainte Agathe;
2027-02-06;Saint Gaston;Journée internationale de tolérance zéro à l'égard des mutilations génitales féminines
2027-02-07;Saint Eugène;
2027-02-08;Sainte Jacqueline;
2027-02-09;Sainte Apolline;
2027-02-10;Saint Arnaud;Journée internationale du léopard d'Arabie | Journée internationale des légumineuses
2027-02-11;Notre-Dame de Lourdes;Journée internationale des femmes et des filles de science
2027-02-12;Sainte Félice;Journée internationale pour la prévention de l'extrémisme violent
2027-02-13;Sainte Béatrice;Journée mondiale de la radio
2027-02-14;Saint Valentin;
2027-02-15;Saint Claude;
2027-02-16;Sainte Julienne;
2027-02-17;Saint Alexis;
2027-02-18;Sainte Bernadette;
2027-02-19;Saint Gabin;
2027-02-20;Sainte Aimée;Journée mondiale de la justice sociale
2027-02-21;Saint Pierre Damien;Journée internationale de la langue maternelle
2027-02-22;Saint Pierre Damien;
2027-02-23;Saint Lazare;
2027-02-24;Saint Modeste;
2027-02-25;Saint Roméo;
2027-02-26;Saint Nestor;
2027-02-27;Sainte Honorine;
2027-02-28;Saint Romain;
2027-03-01;Saint Aubin;Journée mondiale des herbiers marins | Journée Zéro discrimination
2027-03-02;Sainte Charles;
2027-03-03;Saint Guénolé;Journée mondiale de la vie sauvage
2027-03-04;Saint Casimir;
2027-03-05;Saint Olive;Journée internationale de sensibilisation au désarmement et à la non-prolifération
2027-03-06;Sainte Colette;
2027-03-07;Saints Perpétue et Félicité;
2027-03-08;Saint Jean de Dieu;Journée internationale des femmes
2027-03-09;Sainte Françoise;
2027-03-10;Saint Vivien;Journée internationale des femmes juges
2027-03-11;Saint Constantin;
2027-03-12;Saint Grégoire le Grand;
2027-03-13;Sainte Rodrigue;
2027-03-14;Sainte Mathilde;
2027-03-15;Sainte Louise;Journée internationale de lutte contre l'islamophobie
2027-03-16;Sainte Bénédicte;
2027-03-17;Saint Patrick;
2027-03-18;Saint Cyrille de Jérusalem;
2027-03-19;Saint Joseph;
2027-03-20;Saint Herbert;Journée internationale du bonheur | Journée de la langue française | Journée internationale de la Francophonie
2027-03-21;Saint Clément;Journée internationale des forêts | Journée mondiale des glaciers | Journée internationale du Novruz | Journée pour l'élimination de la discrimination raciale | Journée mondiale de la poésie | Journée mondiale de la trisomie 21
2027-03-22;Sainte Léa;Journée mondiale de l'eau
2027-03-23;Saint Victorien;Journée météorologique mondiale
2027-03-24;Sainte Catherine de Suède;Journée pour le droit à la vérité | Journée mondiale de la lutte contre la tuberculose
2027-03-25;Annonciation;Journée de solidarité avec les fonctionnaires détenus ou disparus | Journée en mémoire des victimes de l'esclavage | Journée internationale du zéro déchet
2027-03-26;Sainte Larissa;
2027-03-27;Saint Rupert;
2027-03-28;Saint Gontran;
2027-03-29;Saint Gwenaël;
2027-03-30;Saint Amédée;Journée internationale du zéro déchet
2027-03-31;Saint Benjamin;
2027-04-01;Saint Hugues;
2027-04-02;Saint François de Paule;Journée mondiale de sensibilisation à l'autisme
2027-04-03;Saint Richard;
2027-04-04;Saint Isidore;Journée internationale pour la sensibilisation aux mines
2027-04-05;Saint Vincent Ferrier;Journée internationale de la conscience
2027-04-06;Saint Marcellin;Journée internationale du sport au service du développement et de la paix
2027-04-07;Saint Jean-Baptiste de La Salle;Journée internationale de réflexion sur le génocide au Rwanda | Journée mondiale de la santé
2027-04-08;Saint Gautier;
2027-04-09;Sainte Waudru;
2027-04-10;Saint Fulbert;
2027-04-11;Saint Stanislas;
2027-04-12;Saint Jules;Journée internationale du vol spatial habité
2027-04-13;Saint Martin Ier;
2027-04-14;Saint Maxime;Journée mondiale de la maladie de Chagas
2027-04-15;Saint Paterne;
2027-04-16;Saint Benoît-Joseph Labre;
2027-04-17;Saint Anicet;
2027-04-18;Saint Parfait;
2027-04-19;Saint Léon IX;
2027-04-20;Sainte Odette;Journée de la langue chinoise
2027-04-21;Saint Anselme;Journée mondiale de la créativité et de l'innovation
2027-04-22;Saint Alexandre;Journée internationale de la Terre nourricière
2027-04-23;Saint Georges;Journée mondiale du livre et du droit d'auteur | Journée de la langue anglaise | Journée de la langue espagnole
2027-04-24;Saint Fidèle;Journée des jeunes filles dans les TIC | Journée internationale du multilatéralisme
2027-04-25;Saint Marc;Journée mondiale du paludisme | Journée internationale des délégués
2027-04-26;Sainte Alida;Journée internationale du souvenir de la catastrophe de Tchernobyl | Journée mondiale de la propriété intellectuelle
2027-04-27;Sainte Zita;
2027-04-28;Saint Louis-Marie Grignion de Montfort;Journée mondiale pour la sécurité et la santé au travail
2027-04-29;Sainte Catherine de Sienne;Journée en mémoire des victimes des tremblements de terre
2027-04-30;Saint Robert;Journée internationale du jazz
2027-05-01;Saint Joseph travailleur;Journée du Vesak (Bouddha)
2027-05-02;Saint Boris;Journée mondiale du thon
2027-05-03;Saints Philippe et Jacques;Journée mondiale de la liberté de la presse
2027-05-04;Sainte Sylvie;
2027-05-05;Saint Irénée;Journée mondiale de la langue portugaise
2027-05-06;Saint Jean;
2027-05-07;Sainte Gisèle;
2027-05-08;Saint Désiré;Journées du souvenir et de la réconciliation (Seconde Guerre mondiale)
2027-05-09;Sainte Pacôme;
2027-05-10;Saint Antonin;
2027-05-11;Sainte Estelle;Journée mondiale des oiseaux migrateurs
2027-05-12;Saint Achille;Journée internationale de la santé des végétaux
2027-05-13;Notre-Dame de Fatima;
2027-05-14;Saint Matthias;
2027-05-15;Sainte Denise;Journée internationale des familles
2027-05-16;Saint Honoré;Journée internationale de la lumière | Journée internationale du vivre-ensemble en paix
2027-05-17;Saint Pascal Baylon;Journée mondiale des télécommunications et de la société de l'information
2027-05-18;Saint Eric;
2027-05-19;Saint Yves;Journée mondiale du fair-play
2027-05-20;Saint Bernardin de Sienne;Journée mondiale des abeilles
2027-05-21;Saint Constantin;Journée mondiale du thé | Journée mondiale de la diversité culturelle
2027-05-22;Sainte Julie;Journée internationale de la diversité biologique
2027-05-23;Saint Didier;Journée pour l'élimination de la fistule obstétricale
2027-05-24;Saint Donatien;Journée internationale du markhor
2027-05-25;Saint Bède;Journée mondiale du football
2027-05-26;Saint Philippe Néri;
2027-05-27;Saint Augustin de Cantorbéry;
2027-05-28;Saint Germain;
2027-05-29;Saint Gérald;Journée internationale des Casques bleus
2027-05-30;Sainte Jeanne d'Arc;
2027-05-31;Visitation de la Vierge Marie;Journée mondiale sans tabac
2027-06-01;Saint Justin;Journée mondiale des parents
2027-06-02;Saints Marcellin et Pierre;
2027-06-03;Saint Kévin;Journée mondiale de la bicyclette
2027-06-04;Saint Clément;Journée internationale des enfants victimes innocentes de l'agression
2027-06-05;Saint Boniface;Journée mondiale de l'environnement | Journée internationale de la lutte contre la pêche illicite
2027-06-06;Saint Norbert;Journée de la langue russe
2027-06-07;Saint Gilbert;Journée internationale de la sécurité sanitaire des aliments
2027-06-08;Saint Médard;Journée mondiale de l'océan
2027-06-09;Saint Ephrem;
2027-06-10;Saint Landry;Journée internationale du dialogue entre les civilisations
2027-06-11;Saint Barnabé;Journée internationale du jeu
2027-06-12;Saint Guy;Journée mondiale contre le travail des enfants
2027-06-13;Saint Antoine de Padoue;Journée internationale de sensibilisation à l'albinisme
2027-06-14;Saint Élisée;Journée mondiale du donneur de sang
2027-06-15;Sainte Germaine;Journée mondiale de sensibilisation à la maltraitance des personnes âgées
2027-06-16;Saint Jean-François Régis;Journée internationale des envois de fonds familiaux
2027-06-17;Saint Hervé;Journée mondiale de la lutte contre la désertification et la sécheresse
2027-06-18;Saint Léonce;Journée internationale de la lutte contre les discours de haine | Journée de la gastronomie durable
2027-06-19;Saint Romuald;Journée pour l'élimination de la violence sexuelle en temps de conflit
2027-06-20;Saint Silvère;Journée mondiale des réfugiés
2027-06-21;Saint Louis de Gonzague;Journée internationale du Yoga | Journée internationale de la célébration du solstice
2027-06-22;Saint Alban;
2027-06-23;Sainte Audrey;Journée internationale des veuves | Journée des Nations Unies pour la fonction publique
2027-06-24;Saint Jean-Baptiste;Journée internationale des femmes dans la diplomatie
2027-06-25;Saint Prosper;Journée des gens de mer
2027-06-26;Saint Anthelme;Journée internationale contre l'abus et le trafic de drogues | Journée pour le soutien aux victimes de la torture
2027-06-27;Saint Cyrille d'Alexandrie;Journée internationale des personnes sourdaveugles | Journée des micro-, petites et moyennes entreprises
2027-06-28;Saint Irénée;
2027-06-29;Saints Pierre et Paul;Journée internationale des tropiques
2027-06-30;Premiers martyrs de Rome;Journée internationale des astéroïdes | Journée internationale du parlementarisme
2027-07-01;Saint Thierry;
2027-07-02;Saint Martinien;
2027-07-03;Saint Thomas;
2027-07-04;Sainte Flore;
2027-07-05;Saint Antoine-Marie Zaccaria;
2027-07-06;Sainte Maria Goretti;Journée mondiale du développement rural | Journée mondiale de la langue kiswahili
2027-07-07;Saint Raoul;
2027-07-08;Saint Thibault;
2027-07-09;Sainte Amandine;
2027-07-10;Saint Ulric;
2027-07-11;Saint Benoît;Journée mondiale du cheval | Journée mondiale de la population | Journée de réflexion sur le génocide de Srebrenica
2027-07-12;Saint Olivier;Journée internationale de l'espoir | Journée internationale de lutte contre les tempêtes de sable
2027-07-13;Saint Henri;
2027-07-14;Saint Camille;
2027-07-15;Saint Vladimir;Journée mondiale des compétences des jeunes
2027-07-16;Notre-Dame du Mont-Carmel;
2027-07-17;Sainte Charlotte;
2027-07-18;Saint Frédéric;Journée internationale Nelson Mandela
2027-07-19;Saint Arsène;
2027-07-20;Sainte Marina;Journée internationale de la Lune | Journée mondiale du jeu d'échecs
2027-07-21;Saint Victor;
2027-07-22;Sainte Marie-Madeleine;
2027-07-23;Sainte Brigitte;
2027-07-24;Sainte Christine;
2027-07-25;Saint Jacques le Majeur;Journée internationale des femmes et filles d'ascendance africaine | Journée mondiale de prévention de la noyade
2027-07-26;Saints Anne et Joachim;
2027-07-27;Saint Pantaléon;
2027-07-28;Saint Samson;Journée mondiale contre l'hépatite
2027-07-29;Sainte Marthe;
2027-07-30;Saint Pierre Chrysologue;Journée internationale de l'amitié | Journée mondiale contre la traite d'êtres humains
2027-07-31;Saint Ignace de Loyola;
2027-08-01;Saint Alphonse;
2027-08-02;Saint Étienne Ier;
2027-08-03;Sainte Lydie;
2027-08-04;Saint Jean-Marie Vianney;
2027-08-05;Notre-Dame des Neiges;
2027-08-06;Transfiguration;Journée internationale des pays en développement sans littoral
2027-08-07;Saint Gaétan;
2027-08-08;Saint Dominique;
2027-08-09;Sainte Amour;Journée internationale des peuples autochtones
2027-08-10;Saint Laurent;
2027-08-11;Sainte Claire;Journée mondiale du steel pan
2027-08-12;Sainte Clarisse;Journée internationale de la jeunesse
2027-08-13;Saint Hippolyte;
2027-08-14;Saint Maximilien Kolbe;
2027-08-15;Assomption;
2027-08-16;Saint Roch;
2027-08-17;Saint Hyacinthe;
2027-08-18;Sainte Hélène;
2027-08-19;Saint Jean Eudes;Journée mondiale de l'aide humanitaire
2027-08-20;Saint Bernard;
2027-08-21;Saint Christophe;Journée internationale du souvenir des victimes du terrorisme
2027-08-22;Reine du Ciel;Journée en mémoire des victimes de violences en raison de leur religion
2027-08-23;Sainte Rose de Lima;Journée internationale du souvenir de la traite négrière et de son abolition
2027-08-24;Saint Barthélemy;
2027-08-25;Saint Louis;
2027-08-26;Sainte Natacha;
2027-08-27;Sainte Monique;Journée mondiale des lacs
2027-08-28;Saint Augustin;
2027-08-29;Martyre de saint Jean-Baptiste;Journée internationale contre les essais nucléaires
2027-08-30;Sainte Fiacre;Journée internationale des victimes de disparition forcée
2027-08-31;Saint Aristide;Journée internationale des personnes d'ascendance africaine
2027-09-01;Saint Gilles;
2027-09-02;Sainte Ingrid;
2027-09-03;Saint Grégoire le Grand;
2027-09-04;Sainte Rosalie;
2027-09-05;Sainte Raissa;Journée internationale de la charité | Journée internationale des femmes et filles autochtones
2027-09-06;Saint Bertrand;
2027-09-07;Sainte Reine;Journée internationale de la coopération policière | Journée internationale de l'air pur
2027-09-08;Nativité de la Vierge Marie;Journée internationale de l'alphabétisation
2027-09-09;Saint Alain;Journée pour la protection de l'éducation contre les attaques
2027-09-10;Saint Aubert;
2027-09-11;Saint Adelphe;
2027-09-12;Saint Apollinaire;Journée des Nations Unies pour la coopération Sud-Sud
2027-09-13;Saint Aimé;
2027-09-14;Croix glorieuse;
2027-09-15;Notre-Dame des Douleurs;Journée internationale de la démocratie
2027-09-16;Saint Cyprien;Journée internationale de la protection de la couche d'ozone | Journée internationale de la cardiologie interventionnelle
2027-09-17;Saint Renaud;Journée mondiale de la sécurité des patients
2027-09-18;Sainte Nadège;Journée internationale de l'égalité de rémunération
2027-09-19;Saint Janvier;
2027-09-20;Saint Davy;
2027-09-21;Saint Matthieu;Journée internationale de la paix
2027-09-22;Saint Maurice;
2027-09-23;Saint Constant;Journée internationale des langues des signes
2027-09-24;Saint Silouane;
2027-09-25;Saint Hermann;
2027-09-26;Saints Côme et Damien;Journée mondiale de la mer | Journée internationale pour l'élimination totale des armes nucléaires
2027-09-27;Saint Vincent de Paul;Journée mondiale du tourisme
2027-09-28;Saint Venceslas;Journée internationale de l'accès universel à l'information
2027-09-29;Saint Michel, Saint Gabriel, Saint Raphaël;Journée internationale de sensibilisation aux pertes et gaspillages de nourriture
2027-09-30;Saint Jérôme;Journée internationale de la traduction
2027-10-01;Sainte Thérèse de l'Enfant-Jésus;Journée internationale des personnes âgées
2027-10-02;Saints Anges gardiens;Journée internationale de la non-violence
2027-10-03;Saint Gérard;
2027-10-04;Saint François d'Assise;
2027-10-05;Saint Fleur;Journée mondiale des enseignants | Journée mondiale du coton
2027-10-06;Saint Bruno;
2027-10-07;Sainte Serge;Journée mondiale de l'habitat
2027-10-08;Sainte Pélagie;
2027-10-09;Saint Denis;Journée mondiale de la poste
2027-10-10;Saint Ghislain;Journée mondiale de la santé mentale
2027-10-11;Saint Firmin;Journée internationale de la fille
2027-10-12;Saint Wilfried;Journée mondiale des oiseaux migrateurs
2027-10-13;Saint Géraud;Journée internationale pour la réduction des risques de catastrophes
2027-10-14;Saint Calliste Ier;
2027-10-15;Sainte Thérèse d'Avila;Journée internationale des femmes rurales
2027-10-16;Sainte Edwige;Journée mondiale de l'alimentation
2027-10-17;Saint Ignace d'Antioche;Journée internationale pour l'élimination de la pauvreté
2027-10-18;Saint Luc;
2027-10-19;Saints Jean de Brébeuf et compagnons;
2027-10-20;Sainte Adeline;Journée mondiale de la statistique
2027-10-21;Sainte Céline;
2027-10-22;Saint Jean-Paul II;
2027-10-23;Saint Jean de Capistran;
2027-10-24;Saint Florentin;Journée des Nations Unies | Journée mondiale d'information sur le développement
2027-10-25;Saint Crépin;
2027-10-26;Saint Dimitri;
2027-10-27;Saint Émilien;Journée mondiale du patrimoine audiovisuel
2027-10-28;Saint Simon, Saint Jude;
2027-10-29;Saint Narcisse;Journée internationale des soins et de l'assistance
2027-10-30;Sainte Bienvenue;
2027-10-31;Saint Quentin;Journée mondiale des villes
2027-11-01;Toussaint;
2027-11-02;Défunts;Journée internationale de la fin de l'impunité pour les crimes contre les journalistes
2027-11-03;Saint Hubert;
2027-11-04;Saint Charles Borromée;
2027-11-05;Sainte Sylvie;Journée mondiale de sensibilisation aux tsunamis
2027-11-06;Saint Léonard;Journée pour la prévention de l'exploitation de l'environnement en temps de guerre
2027-11-07;Saint Ernest;
2027-11-08;Saint Geoffroy;
2027-11-09;Dédicace de Saint-Jean-de-Latran;
2027-11-10;Saint Léon le Grand;Journée mondiale de la science au service de la paix et du développement
2027-11-11;Saint Martin;
2027-11-12;Saint Christian;
2027-11-13;Saint Brice;
2027-11-14;Saint Sidoine;Journée mondiale du diabète
2027-11-15;Saint Albert le Grand;Journée mondiale du souvenir des victimes de la circulation routière
2027-11-16;Sainte Marguerite d'Écosse;Journée mondiale de la tolérance
2027-11-17;Sainte Élisabeth de Hongrie;
2027-11-18;Dédicace des basiliques Saint-Pierre et Saint-Paul;Journée mondiale pour la prévention et la guérison des violences sexuelles visant les enfants
2027-11-19;Sainte Mathilde;Journée mondiale des toilettes
2027-11-20;Saint Edmond;Journée de l'industrialisation de l'Afrique | Journée mondiale de l'enfance
2027-11-21;Présentation de la Vierge Marie;Journée mondiale de la télévision | Journée mondiale de la philosophie
2027-11-22;Sainte Cécile;
2027-11-23;Saint Clément;
2027-11-24;Saint Florent;
2027-11-25;Sainte Catherine d'Alexandrie;Journée internationale pour l'élimination de la violence à l'égard des femmes
2027-11-26;Saint Conrad;Journée mondiale des transports durables
2027-11-27;Saint Séverin;
2027-11-28;Saint Jacques de la Marche;
2027-11-29;Saint Saturnin;Journée internationale de solidarité avec le peuple palestinien
2027-11-30;Saint André;Journée du souvenir des victimes de la guerre chimique
2027-12-01;Saint Florence;Journée mondiale de lutte contre le sida
2027-12-02;Sainte Viviane;Journée internationale pour l'abolition de l'esclavage
2027-12-03;Saint François Xavier;Journée internationale des personnes handicapées
2027-12-04;Sainte Barbara;Journée internationale des banques
2027-12-05;Saint Gérald;Journée internationale des volontaires | Journée mondiale des sols
2027-12-06;Saint Nicolas;
2027-12-07;Saint Ambroise;Journée de l'aviation civile internationale
2027-12-08;Immaculée Conception;
2027-12-09;Saint Pierre Fourier;Journée internationale contre la corruption | Journée de commémoration des victimes du génocide
2027-12-10;Sainte Eulalie;Journée des droits de l'homme
2027-12-11;Saint Daniel;Journée internationale de la montagne
2027-12-12;Sainte Jeanne-Françoise de Chantal;Journée internationale de la couverture sanitaire universelle
2027-12-13;Sainte Lucie;
2027-12-14;Saint Jean de la Croix;
2027-12-15;Sainte Ninon;
2027-12-16;Sainte Alice;
2027-12-17;Saint Gaël;
2027-12-18;Saint Gatien;Journée de la langue arabe | Journée internationale des migrants
2027-12-19;Saint Urbain V;
2027-12-20;Saint Théophile;Journée internationale de la solidarité humaine
2027-12-21;Saint Pierre Canisius;Journée mondiale du basket-ball
2027-12-22;Sainte Françoise-Xavière;
2027-12-23;Saint Armand;
2027-12-24;Veillée de Noël;
2027-12-25;Noël;
2027-12-26;Saint Étienne;
2027-12-27;Saint Jean l'Apôtre;Journée internationale de la préparation aux épidémies
2027-12-28;Saints Innocents;
2027-12-29;Saint David;
2027-12-30;Saint Roger;
2027-12-31;Saint Sylvestre;
2028-01-01;Sainte Marie Mère de Dieu;
2028-01-02;Saint Basile, Saint Grégoire de Nazianze;
2028-01-03;Sainte Geneviève;
2028-01-04;Sainte Odilon;Journée mondiale du braille
2028-01-05;Saint Édouard;
2028-01-06;Épiphanie;
2028-01-07;Saint Raymond;
2028-01-08;Saint Lucien;
2028-01-09;Sainte Alix;
2028-01-10;Saint Guillaume;
2028-01-11;Saint Paulin;
2028-01-12;Saint Tatien;
2028-01-13;Sainte Yvette;
2028-01-14;Saint Félix de Nole;
2028-01-15;Saint Rémi;
2028-01-16;Saint Marcel;
2028-01-17;Saint Antoine le Grand;
2028-01-18;Sainte Prisca;
2028-01-19;Saint Marius;
2028-01-20;Saint Sébastien;
2028-01-21;Sainte Agnès;
2028-01-22;Saint Vincent;
2028-01-23;Saint Barnard;
2028-01-24;Saint François de Sales;Journée internationale de l'éducation
2028-01-25;Conversion de saint Paul;
2028-01-26;Saint Timothée, Saint Titus;Journée internationale des énergies propres
2028-01-27;Sainte Angèle;Journée internationale dédiée à la mémoire des victimes de l'Holocauste
2028-01-28;Saint Thomas d'Aquin;Journée internationale de la coexistence pacifique
2028-01-29;Saint Gildas;
2028-01-30;Sainte Martine;
2028-01-31;Saint Jean Bosco;
